xi,chosen,rejected,best_V,worst_V,delta_V,rel_V
C:/Users/moham/Downloads/wildfire codes/io/psps_1762883572_3021.json,open(41); open(128); open(S6:136),open(S2:15); open(S2:16); open(S2:17),12212.442310292763,1000000.0,987787.5576897073,81.88370307855543
C:/Users/moham/Downloads/wildfire codes/io/psps_1762883572_3021.json,open(41); open(128); open(S6:136),open(S2:15); open(S1:34); open(S3:70),12212.442310292763,15087.427903769885,2874.985593477122,1.235414466691405
C:/Users/moham/Downloads/wildfire codes/io/psps_1762883572_3021.json,open(S2:15); open(S1:34); open(S3:70),open(S2:15); open(S2:16); open(S2:17),15087.427903769885,1000000.0,984912.5720962301,66.28034986335416
