xi,chosen,rejected,best_V,worst_V,delta_V,rel_V
C:/Users/moham/Downloads/wildfire codes/io/psps_1762883572_8708.json,open(125); open(131); open(141),open(41); open(128); open(S6:136),12177.260827628634,12203.242367024046,25.981539395412256,1.0021336111431944
C:/Users/moham/Downloads/wildfire codes/io/psps_1762883572_8708.json,open(125); open(131); open(141),open(125); open(131); open(S6:139),12177.260827628634,12178.399297734897,1.1384701062634122,1.000093491477466
C:/Users/moham/Downloads/wildfire codes/io/psps_1762883572_8708.json,open(125); open(131); open(S6:139),open(41); open(128); open(S6:136),12178.399297734897,12203.242367024046,24.843069289148843,1.002039928949757
C:/Users/moham/Downloads/wildfire codes/io/psps_1762883572_3021.json,open(41); open(128); open(S6:136),open(S2:15); open(S1:34); open(S3:70),12212.442310292763,15087.427903769885,2874.985593477122,1.235414466691405
