{"feasible":true,"J":11555.720478193205,"shed_MW":83.978253445330836,"notes":"OK"}