{"feasible":true,"J":10785.405559377137,"shed_MW":76.149125031199091,"notes":"OK"}