{"feasible":true,"J":10186.686129915402,"shed_MW":85.022910893024431,"notes":"OK"}