{"feasible":true,"J":3871.3140871236296,"shed_MW":5.3574159382849516,"notes":"OK"}