pair,n_overlap,frac_zero_shot_better,frac_sft_better,frac_tie,delta_mean(b-a),delta_median(b-a),frac_dpo_better
zero_shot_vs_sft,41,0.975609756097561,0.024390243902439025,0.0,4974.668862812591,1701.465536315136,
sft_vs_dpo,42,,0.0,0.47619047619047616,-2426.4975909129375,-79.48411640137056,0.5238095238095238
zero_shot_vs_dpo,42,0.9523809523809523,,0.0,2431.1348656053106,280.6133943106879,0.047619047619047616
