pair,n_overlap,frac_a_better,frac_b_better,frac_tie,delta_mean(b-a),delta_median(b-a),delta_std(b-a),delta_min(b-a),delta_max(b-a)
zero_shot_vs_sft,46,0.021739130434782608,0.17391304347826086,0.8043478260869565,-629.3763116743343,0.0,2025.1172554281961,-8163.281867369717,1.2181982084928222
sft_vs_dpo,46,0.0,0.06521739130434782,0.9347826086956522,-176.71604414308857,0.0,1151.3099065887666,-7812.46359536826,0.0
zero_shot_vs_dpo,46,0.021739130434782608,0.2391304347826087,0.7391304347826086,-806.0923558174229,0.0,2280.1818928170183,-8163.281867369717,1.2181982084928222
