model_label,n_total,n_dc_feasible,feasible_rate_dc,J_dc_count(feasible),J_dc_mean(feasible),J_dc_median(feasible),J_dc_std(feasible),J_dc_min(feasible),J_dc_max(feasible),n_ac_ok,ac_ok_rate,V_count(ac_ok),V_mean(ac_ok),V_median(ac_ok),V_std(ac_ok),V_min(ac_ok),V_max(ac_ok)
dpo,46,46,1.0,46,2395.7913903941485,1871.4604973145454,1854.4936660723686,1607.8090682223137,11849.975146131905,46,1.0,46,98810.73912770794,12510.873313926864,281188.5908935109,12048.412543640508,1000000.0
sft,46,46,1.0,46,2572.507434537237,1871.4604973145454,2253.6845698624224,1732.1210233159572,11849.975146131905,46,1.0,46,98805.66469024288,12509.338943903644,281190.1873110163,12048.412543640508,1000000.0
zero_shot,46,46,1.0,46,3201.883746211571,1872.651802727201,3062.4623979937305,1732.1210233159572,11849.975146131905,46,1.0,46,98970.98366650996,12615.138223756781,281139.1732818961,11956.376496291246,1000000.0
