{"feasible":true,"J":11849.975146131905,"shed_MW":103.32978723404257,"notes":"OK"}