{"feasible":true,"J":2859.8634069119448,"shed_MW":4.1675569493872615,"notes":"OK"}