{"feasible":true,"J":10848.472182862764,"shed_MW":91.671821836604579,"notes":"OK"}