pair,n_overlap,frac_a_better,frac_b_better,frac_tie,delta_mean(b-a),delta_median(b-a),delta_std(b-a),delta_min(b-a),delta_max(b-a)
zero_shot_vs_sft,46,0.8043478260869565,0.15217391304347827,0.043478260869565216,-165.3189762670752,3.37511812487719,293733.2954418145,-987919.811080099,985899.3044513165
sft_vs_dpo,46,0.10869565217391304,0.021739130434782608,0.8695652173913043,5.074437465058628,0.0,23.330171143228434,-0.42107134487196163,114.7747285662499
zero_shot_vs_dpo,46,0.8260869565217391,0.13043478260869565,0.043478260869565216,-160.24453880201355,9.627535149711548,293733.2993000177,-987919.811080099,985899.3044513165
