{"feasible":true,"J":3036.9555585006083,"shed_MW":6.5828728298355088,"notes":"OK"}