{"feasible":true,"J":10958.893937736368,"shed_MW":77.918175240331237,"notes":"OK"}