{"feasible":true,"J":15932.188658764804,"shed_MW":144.32978723404256,"notes":"OK"}