{"feasible":true,"J":11478.024729497243,"shed_MW":84.386974247569157,"notes":"OK"}