{"feasible":true,"J":10668.426048541178,"shed_MW":74.946472336295159,"notes":"OK"}