{"feasible":true,"J":10074.947254902816,"shed_MW":70.304883405707429,"notes":"OK"}