{"feasible":true,"J":10848.562769611537,"shed_MW":91.67273195434214,"notes":"OK"}