model,n_valid_J_dc,n_valid_J_ac,J_dc_mean,J_dc_median,J_dc_std,J_dc_min,J_dc_max,J_ac_mean,J_ac_median,J_ac_std,J_ac_min,J_ac_max,regret_mean,regret_median,regret_std,regret_min,regret_max,ratio_to_opt_mean,ratio_to_opt_median,frac_better_than_baseline,frac_leq_opt,frac_within_1pct_opt,frac_within_5pct_opt,frac_within_10pct_opt
dpo,43,43,2666.786002232451,1876.1907502793133,2390.148792359991,1697.8094378712162,11122.439007522464,19706.20388717795,17158.43594357603,8663.89836924471,15317.674339709814,58066.97297505695,898.3160247130004,254.2847076040714,2068.6747496519215,82.31822129018633,8271.244199161574,1.385847947781886,1.1573141924129993,0.7674418604651163,0.0,0.0,0.023255813953488372,0.16279069767441862
sft,42,42,2018.6697686703683,1871.1168790319116,331.63001368288616,1732.1210233159572,3333.275169334805,22165.47190907816,18660.846741452624,11888.927014293578,15317.674339709814,64337.83235893586,282.6248983923864,253.34880368599966,163.64075753400465,5.729816621169448e-11,871.4717911934717,1.1684479077765566,1.1566378166031326,1.0,0.023809523809523808,0.047619047619047616,0.07142857142857142,0.14285714285714285
zero_shot,42,42,2827.7940149538776,1870.9443525286192,2753.7376420370156,1732.1210233159572,11849.975146131905,17285.083213972088,16263.295177433727,2695.0713610546827,15214.2900916226,29883.953022592188,1055.7293177512483,253.8831903675498,2396.401862861287,54.111705208486455,8719.650664470766,1.438193413536757,1.1570045150241404,0.9761904761904762,0.0,0.0,0.023809523809523808,0.11904761904761904
