model,count,V_mean,V_median,V_std,V_min,V_max,J_dc_mean,J_dc_median,J_dc_std,J_dc_min,J_dc_max,J_ac_mean,J_ac_median,J_ac_std,J_ac_min,J_ac_max,J_dc_mean_filtered,J_ac_mean_filtered,n_filtered
dpo,43,19706.203887177955,17158.43594357603,8663.898369244707,15317.674339709814,58066.972975056946,2666.7860022324508,1876.1907502793135,2390.1487923599907,1697.8094378712162,11122.439007522464,19706.203887177955,17158.43594357603,8663.898369244707,15317.674339709814,58066.972975056946,2666.7860022324508,19706.203887177955,43
sft,42,22165.471909078162,18660.846741452624,11888.927014293577,15317.674339709814,64337.83235893586,2018.669768670368,1871.1168790319116,331.63001368288604,1732.1210233159572,3333.2751693348046,22165.471909078162,18660.846741452624,11888.927014293577,15317.674339709814,64337.83235893586,2018.669768670368,22165.471909078162,42
zero_shot,43,40138.91848806576,16304.765301735148,149886.27455820944,15214.290091622599,1000000.0,3021.55773538155,1871.103787231245,3002.820341585677,1732.1210233159572,11849.975146131905,40138.91848806576,16304.765301735148,149886.27455820944,15214.290091622599,1000000.0,2827.794014953878,17285.083213972084,42
