{"feasible":true,"J":10849.019583307228,"shed_MW":91.677321524592116,"notes":"OK"}