{"feasible":true,"J":9465.1672682837379,"shed_MW":59.244696012243026,"notes":"OK"}