{"feasible":true,"J":2855.675637206894,"shed_MW":4.1872532001411571,"notes":"OK"}