pair,n_overlap,frac_zero_shot_better,frac_sft_better,frac_tie,delta_mean(b-a),delta_median(b-a),frac_dpo_better
zero_shot_vs_sft,41,0.04878048780487805,0.0975609756097561,0.8536585365853658,-585.5349563315012,0.0,
sft_vs_dpo,42,,0.30952380952380953,0.5476190476190477,564.514322166955,0.0,0.14285714285714285
zero_shot_vs_dpo,42,0.2857142857142857,,0.47619047619047616,-137.98477390913354,0.0,0.23809523809523808
