{"feasible":true,"J":12066.111568320432,"shed_MW":89.169508993921852,"notes":"OK"}