pair,model_a,model_b,n_overlap_dc,frac_a_better_dc,frac_b_better_dc,frac_tie_dc,delta_mean_dc(b-a),delta_median_dc(b-a),n_overlap_ac,frac_a_better_ac,frac_b_better_ac,frac_tie_ac,delta_mean_ac(b-a),delta_median_ac(b-a)
dpo_vs_sft,dpo,sft,42,0.13953488372093023,0.3023255813953488,0.5348837209302325,-564.514322166955,0.0,42,0.5116279069767442,0.0,0.46511627906976744,2426.4975909129375,79.48411640137238
dpo_vs_zero_shot,dpo,zero_shot,42,0.23255813953488372,0.27906976744186046,0.46511627906976744,137.98477390913345,0.0,42,0.046511627906976744,0.9302325581395349,0.0,-2431.1348656053106,-280.613394310687
sft_vs_zero_shot,sft,zero_shot,41,0.09302325581395349,0.046511627906976744,0.813953488372093,585.5349563315011,0.0,41,0.023255813953488372,0.9302325581395349,0.0,-4974.668862812591,-1701.4655363151323
