{"feasible":true,"J":11849.984402557682,"shed_MW":103.32978723404257,"notes":"OK"}