{"feasible":true,"J":17916.627717096839,"shed_MW":162.67163433809452,"notes":"OK"}