{"feasible":true,"J_dc":1998.5028937238412,"V_pen":14449.289660348748,"J_ac":14449.289660348748,"J":16447.792554072588,"notes":"OK | AC OK"}