{"feasible":true,"J_dc":2631.3178112100254,"V_pen":12255.194598492364,"J_ac":12255.194598492364,"J":14886.512409702389,"notes":"OK | AC OK"}