{"feasible":true,"J_dc":1867.87184302384,"V_pen":12167.853988479876,"J_ac":12167.853988479876,"J":14035.725831503716,"notes":"OK | AC OK"}