{"feasible":true,"J_dc":2089.54356107444,"V_pen":12080.830090347983,"J_ac":12080.830090347983,"J":14170.373651422422,"notes":"OK | AC OK"}