{"feasible":true,"J_dc":1861.7380777987496,"V_pen":12836.755760449361,"J_ac":12836.755760449361,"J":14698.49383824811,"notes":"OK | AC OK"}