{"feasible":true,"J_dc":1863.1823396524744,"V_pen":12188.544732794269,"J_ac":12188.544732794269,"J":14051.727072446743,"notes":"OK | AC OK"}