{"feasible":true,"J_dc":1873.0979038876997,"V_pen":14729.293420000604,"J_ac":14729.293420000604,"J":16602.391323888303,"notes":"OK | AC OK"}