{"feasible":true,"J_dc":5254.6366734901148,"V_pen":null,"J_ac":1.0E+6,"J":1.0052546366734902E+6,"notes":"OK | AC PF failed"}