{"feasible":true,"J_dc":1870.6977197021395,"V_pen":14223.325245032169,"J_ac":14223.325245032169,"J":16094.022964734308,"notes":"OK | AC OK"}