{"feasible":true,"J_dc":1870.8102908344972,"V_pen":12569.092507997253,"J_ac":12569.092507997253,"J":14439.90279883175,"notes":"OK | AC OK"}