{"feasible":true,"J_dc":1870.67249195352,"V_pen":12329.041686338182,"J_ac":12329.041686338182,"J":14199.714178291702,"notes":"OK | AC OK"}