{"feasible":true,"J_dc":1870.7950836374839,"V_pen":12213.574207051181,"J_ac":12213.574207051181,"J":14084.369290688664,"notes":"OK | AC OK"}