{"feasible":true,"J_dc":2003.6944557334618,"V_pen":12088.770450829952,"J_ac":12088.770450829952,"J":14092.464906563415,"notes":"OK | AC OK"}