{"feasible":true,"J_dc":2203.0836752918367,"V_pen":12081.081674570496,"J_ac":12081.081674570496,"J":14284.165349862333,"notes":"OK | AC OK"}