{"feasible":true,"J_dc":2631.3178112100254,"V_pen":12997.207927242322,"J_ac":12997.207927242322,"J":15628.525738452347,"notes":"OK | AC OK"}