{"feasible":true,"J_dc":1863.1357006593862,"V_pen":12128.738401632165,"J_ac":12128.738401632165,"J":13991.874102291551,"notes":"OK | AC OK"}