{"feasible":true,"J_dc":1873.6471737435425,"V_pen":16043.417357430628,"J_ac":16043.417357430628,"J":17917.064531174172,"notes":"OK | AC OK"}