{"feasible":true,"J_dc":1863.5711927798445,"V_pen":12038.746676508455,"J_ac":12038.746676508455,"J":13902.3178692883,"notes":"OK | AC OK"}