{"feasible":true,"J_dc":1831.4676445597834,"V_pen":15992.630844534011,"J_ac":15992.630844534011,"J":17824.098489093794,"notes":"OK | AC OK"}