{"feasible":true,"J_dc":1870.7601210601347,"V_pen":12692.123025048337,"J_ac":12692.123025048337,"J":14562.883146108472,"notes":"OK | AC OK"}