{"feasible":true,"J_dc":2132.7952734691062,"V_pen":13346.106879568953,"J_ac":13346.106879568953,"J":15478.90215303806,"notes":"OK | AC OK"}