{"feasible":true,"J_dc":11849.984402557682,"V_pen":null,"J_ac":1.0E+6,"J":1.0118499844025577E+6,"notes":"OK | AC PF failed"}