{"feasible":true,"J_dc":1873.0863825648642,"V_pen":12033.837342045881,"J_ac":12033.837342045881,"J":13906.923724610746,"notes":"OK | AC OK"}