{"feasible":true,"J_dc":11851.015231101048,"V_pen":null,"J_ac":1.0E+6,"J":1.0118510152311011E+6,"notes":"OK | AC PF failed"}