{"feasible":true,"J_dc":1808.7621371794485,"V_pen":12188.286566976789,"J_ac":12188.286566976789,"J":13997.048704156237,"notes":"OK | AC OK"}