{"feasible":true,"J_dc":2116.0044446578504,"V_pen":null,"J_ac":1.0E+6,"J":1.0021160044446578E+6,"notes":"OK | AC PF failed"}