{"Vac":[0.955,0.97139287153657883,0.9676920877585915,0.998,1.00198519465453,0.99,0.989327956488285,1.015,1.0429182051130941,1.05,0.9850881577925964,0.99,0.96830153937322583,0.98359092760555789,0.97,0.98390759017019491,0.99511644350944461,0.973,0.96199999999999986,0.95707275125138747,0.95793151063540349,0.96924027003034419,0.99953313367639152,0.992,1.05,1.015,0.96800000000000008,0.96156902520196241,0.9632130481189819,0.98536335927002638,0.967,0.96300000000000008,0.97092835512860665,0.9840000000000001,0.98044989673279,0.97999999999999987,0.99064667365037529,0.9611766312325184,0.9699661872862364,0.97,0.96682926181549156,0.985,0.97706752500186045,0.98434632062255634,0.98630717295767678,1.005,1.0170950235067797,1.0206286641271392,1.025,1.0010922962176438,0.96689379746811077,0.95683630174584178,0.94599214032453416,0.955,0.952,0.954,0.97059226004505983,0.95904955040694173,0.985,0.993155742993275,0.995,0.998,0.96871705543531528,0.98372272777867509,1.005,1.05,1.0196849986748588,1.0032442935433403,1.035,0.984,0.98685479558513223,0.98,0.991,0.958,0.96517081720307019,0.943,1.006,1.0034113058576564,1.0092325057004772,1.0400000000000003,0.99694823393132892,0.986873183179221,0.98181802439650545,0.9783572853926632,0.985,0.9866907463849478,1.015,0.99121943704380611,1.005,0.985,0.98,0.99,0.98445434995857584,0.9887896209716367,0.97914717982005806,0.9910476429797288,1.0105381833886549,1.0235350911567587,1.01,1.017,0.99097448078061379,0.98881639501545426,1.01,0.971,0.96500000000000008,0.96114631753386937,0.952,0.96621175359904965,0.96702552749530324,0.973,0.98,0.97499999999999987,0.993,0.96009295342980328,0.96002270371321585,1.005,0.97382444680921543,0.94719269205813184],"Vang":[10.87745734184065,11.416814302364996,11.761096454263678,15.4799102169446,15.92512762463987,13.196860352923277,12.751952435350006,20.948112010998816,28.202217082604275,35.783126230505154,12.910402543635913,12.392910788259854,11.533821096173543,11.675007737539135,11.376429872607906,12.086917458346948,13.885233771449686,11.67445575357354,11.211474465208264,12.027672974365503,13.570331558028697,16.073470871141605,20.911357834485397,20.64011419598668,27.943523845885807,29.765541497339832,15.381877632003329,13.669498401622029,12.690751688928954,18.94427594142277,12.812466772736919,14.834604727763052,10.805112948570031,11.515416100892484,11.059864567194648,11.060085877412821,11.972669437697224,17.120314765870891,8.6041726755782619,7.5356937098772381,7.1015581996642583,8.72976956053828,11.500147600089848,14.035727213345828,15.884321143488938,18.695313500345375,20.915217527055336,20.15455485526282,21.162024724124436,19.129724397037755,16.519231694180974,15.568042111233151,14.599184552990042,15.515381960903674,15.227581398150347,15.413083191935891,16.608266697431425,15.753117599712068,19.639334264264889,23.428915171533994,24.32137549190848,23.702096236673281,23.027627582660951,24.79868495882598,27.938064573947706,27.745718216175053,25.11063009965271,27.871423642954998,29.999999999999993,21.583205916761756,21.220719426488831,20.368847395472255,21.009342115864381,19.943272522697548,21.03098101662739,15.446166607565079,27.79764305418594,27.475609117756825,27.739809124180312,29.888017940506145,28.654387750627293,27.640461684644791,28.107123487689609,31.722932008878288,33.797045900275684,32.427597168899624,32.686809605678405,41.071380807647387,42.965032501123773,36.403886353369721,36.2190215784877,36.450217638738707,32.894168342143537,30.27253182134293,29.033451922128368,28.533071414210124,28.860236756425262,28.601436335807989,28.483664111142804,29.684762764699325,31.67033541538364,34.752994697337556,25.943672869012154,23.373687788724002,22.269486063934639,22.009325131464138,19.208588561942914,21.069405334170643,20.6168071468227,19.769947643436513,21.415028541031472,16.670730069993553,13.868526222109944,14.501833312393718,14.493802488891118,27.436408599453291,10.851910429621777,17.975930069785772],"V_pen":0.0879182051130944,"v_deadband":0.03,"ok":true,"notes":""}