K,n,gap_to_best_pct_mean,gap_to_best_pct_std,improve_over_baseline_pct_mean,improve_over_baseline_pct_std,relative_gap_pct_mean,relative_gap_pct_std
1,5,17.05648825487071,8.558979465913994,1.6475237078670226,3.2489309594339764,87.29432247934031,24.31551405841912
4,5,13.734783428273113,10.294679470398705,4.520932507355013,3.9844319162181123,63.35517172401732,35.708230197166756
8,5,13.530059672613584,5.410138152996565,4.483925748960145,3.4573496782179665,72.93120623943682,22.186309978976265
12,5,9.55031912582964,5.47090817570024,7.881852269831076,1.199651220253606,46.89183910955053,13.94004879919448
16,5,9.943343185562872,5.84381772049783,7.571080968986105,0.29728095999455595,47.54238228309363,19.245997969633713
