{"feasible":true,"J_dc":9759.5167935510963,"V_pen":null,"J_ac":1.0E+6,"J":1.009759516793551E+6,"notes":"OK | AC PF failed"}