step,scale,V_pen
0,1.0,2637.546153392825
1,1.0,2637.546153392825
2,0.8,2637.546153392825
3,0.6,2637.546153392825
4,0.4,2637.546153392825
