{"base":{"ac_ok":true,"V_pen":2637.5461533928251,"Vm":[0.955,0.97139279451698857,0.96769194444843953,0.998,1.0019846369032663,0.9900000000000001,0.98932788773780078,1.015,1.0429182051130941,1.05,0.98508854783862854,0.99,0.96830203532627523,0.98359102376252516,0.97,0.9838973643585277,0.99508853196089553,0.973,0.96199999999999986,0.95693431309988675,0.95772489487764145,0.96901907699839573,0.99946932263789512,0.992,1.05,1.015,0.968,0.96156810320672681,0.96321633343954627,0.98533261161542018,0.967,0.963,0.97093414096427266,0.984,0.98045245975432938,0.98,0.99066135243183973,0.96128573350585467,0.96996108322384589,0.97,0.966832469273565,0.985,0.97712146790631182,0.98443602205476921,0.98638256221213372,1.005,1.0170518121481242,1.0206333756009829,1.025,1.0010827601005474,0.96687669296374312,0.95681798935150542,0.94598290010519015,0.955,0.952,0.95399999999999985,0.9705825293827598,0.95903867157230926,0.985,0.99315625084928749,0.99499999999999988,0.998,0.96873701332918627,0.98373859799482011,1.005,1.05,1.0196817598064987,1.003249420392947,1.035,0.984,0.98684452665415656,0.98,0.991,0.958,0.96733188504632861,0.943,1.006,1.0034237178122953,1.0092230693068187,1.04,0.99680664009759423,0.98854524942532529,0.98437707033658872,0.97970386134809839,0.985,0.98669074638494758,1.015,0.98745330169793044,1.005,0.9850000000000001,0.98,0.99,0.98543316662737568,0.98983047784601785,0.98033187303886815,0.99228265244374314,1.0111661689778471,1.0235086002475626,1.01,1.017,0.99141961323205186,0.98913081539972325,1.01,0.97099999999999986,0.965,0.96114631753386937,0.952,0.96621175359904932,0.96702552749530279,0.973,0.98,0.975,0.993,0.96009307093937668,0.96002286378010537,1.005,0.97382444680921509,0.94943753205242076],"Qg":[-3.1040970844956135,-15.009646582057872,15.929766159141771,63.13844391825387,-51.04215159113545,91.291736453633249,7.1604544291010317,28.426323864218961,-14.274171532446459,-14.907621234653728,50.043256825365326,10.124723550193208,3.982349735998461,32.586014422609935,-16.284774732526159,-20.827111730980402,7.7250785822079813,28.454070348166983,41.029575351286354,-5.0294573389515529,115.8451300117526,3.9010644848962635,4.6641716158882192,-2.2857488880911645,76.833952175082658,-40.394011511483555,1.2583728411575679,81.510158953026888,-1.9565866442906921,-82.424057292272451,9.6692921671774741,-11.130055087154725,9.6513706509663688,-5.6252088631114736,5.268100882730911,12.170364335753963,105.4664647900732,-5.6065891777945716,11.021607354417009,-5.904954712091687,59.308407488856375,-13.088022565323797,-13.956248186875154,-17.53558954691422,95.552115528877309,75.422363582068527,2.3882517813492878,-18.33452525239068,6.55781883135797,0.2808336315071519,-1.8438247849228775,41.511693396859833,6.752626093760898,51.322477205974558],"Qmax":[15,300,50,300,200,120,30,50,24,300,140,1000,300,300,42,24,24,300,300,100,210,300,23,15,180,300,20,200,200,300,32,100,100,9,23,70,280,23,1000,300,300,100,9,100,155,40,23,23,200,23,1000,1000,200,1000]},"steps":[{"k":1,"scale":1,"ac_ok":true,"V_pen":2637.5461533928251,"Vm":[0.955,0.97139279451698857,0.96769194444843953,0.998,1.0019846369032663,0.9900000000000001,0.98932788773780078,1.015,1.0429182051130941,1.05,0.98508854783862854,0.99,0.96830203532627523,0.98359102376252516,0.97,0.9838973643585277,0.99508853196089553,0.973,0.96199999999999986,0.95693431309988675,0.95772489487764145,0.96901907699839573,0.99946932263789512,0.992,1.05,1.015,0.968,0.96156810320672681,0.96321633343954627,0.98533261161542018,0.967,0.963,0.97093414096427266,0.984,0.98045245975432938,0.98,0.99066135243183973,0.96128573350585467,0.96996108322384589,0.97,0.966832469273565,0.985,0.97712146790631182,0.98443602205476921,0.98638256221213372,1.005,1.0170518121481242,1.0206333756009829,1.025,1.0010827601005474,0.96687669296374312,0.95681798935150542,0.94598290010519015,0.955,0.952,0.95399999999999985,0.9705825293827598,0.95903867157230926,0.985,0.99315625084928749,0.99499999999999988,0.998,0.96873701332918627,0.98373859799482011,1.005,1.05,1.0196817598064987,1.003249420392947,1.035,0.984,0.98684452665415656,0.98,0.991,0.958,0.96733188504632861,0.943,1.006,1.0034237178122953,1.0092230693068187,1.04,0.99680664009759423,0.98854524942532529,0.98437707033658872,0.97970386134809839,0.985,0.98669074638494758,1.015,0.98745330169793044,1.005,0.9850000000000001,0.98,0.99,0.98543316662737568,0.98983047784601785,0.98033187303886815,0.99228265244374314,1.0111661689778471,1.0235086002475626,1.01,1.017,0.99141961323205186,0.98913081539972325,1.01,0.97099999999999986,0.965,0.96114631753386937,0.952,0.96621175359904932,0.96702552749530279,0.973,0.98,0.975,0.993,0.96009307093937668,0.96002286378010537,1.005,0.97382444680921509,0.94943753205242076],"Qg":[-3.1040970844956135,-15.009646582057872,15.929766159141771,63.13844391825387,-51.04215159113545,91.291736453633249,7.1604544291010317,28.426323864218961,-14.274171532446459,-14.907621234653728,50.043256825365326,10.124723550193208,3.982349735998461,32.586014422609935,-16.284774732526159,-20.827111730980402,7.7250785822079813,28.454070348166983,41.029575351286354,-5.0294573389515529,115.8451300117526,3.9010644848962635,4.6641716158882192,-2.2857488880911645,76.833952175082658,-40.394011511483555,1.2583728411575679,81.510158953026888,-1.9565866442906921,-82.424057292272451,9.6692921671774741,-11.130055087154725,9.6513706509663688,-5.6252088631114736,5.268100882730911,12.170364335753963,105.4664647900732,-5.6065891777945716,11.021607354417009,-5.904954712091687,59.308407488856375,-13.088022565323797,-13.956248186875154,-17.53558954691422,95.552115528877309,75.422363582068527,2.3882517813492878,-18.33452525239068,6.55781883135797,0.2808336315071519,-1.8438247849228775,41.511693396859833,6.752626093760898,51.322477205974558],"Qmax":[15,300,50,300,200,120,30,50,24,300,140,1000,300,300,42,24,24,300,300,100,210,300,23,15,180,300,20,200,200,300,32,100,100,9,23,70,280,23,1000,300,300,100,9,100,155,40,23,23,200,23,1000,1000,200,1000]},{"k":2,"scale":0.8,"ac_ok":true,"V_pen":2637.5461533928251,"Vm":[0.955,0.97139279451698857,0.96769194444843953,0.998,1.0019846369032663,0.9900000000000001,0.98932788773780078,1.015,1.0429182051130941,1.05,0.98508854783862854,0.99,0.96830203532627523,0.98359102376252516,0.97,0.9838973643585277,0.99508853196089553,0.973,0.96199999999999986,0.95693431309988675,0.95772489487764145,0.96901907699839573,0.99946932263789512,0.992,1.05,1.015,0.968,0.96156810320672681,0.96321633343954627,0.98533261161542018,0.967,0.963,0.97093414096427266,0.984,0.98045245975432938,0.98,0.99066135243183973,0.96128573350585467,0.96996108322384589,0.97,0.966832469273565,0.985,0.97712146790631182,0.98443602205476921,0.98638256221213372,1.005,1.0170518121481242,1.0206333756009829,1.025,1.0010827601005474,0.96687669296374312,0.95681798935150542,0.94598290010519015,0.955,0.952,0.95399999999999985,0.9705825293827598,0.95903867157230926,0.985,0.99315625084928749,0.99499999999999988,0.998,0.96873701332918627,0.98373859799482011,1.005,1.05,1.0196817598064987,1.003249420392947,1.035,0.984,0.98684452665415656,0.98,0.991,0.958,0.96733188504632861,0.943,1.006,1.0034237178122953,1.0092230693068187,1.04,0.99680664009759423,0.98854524942532529,0.98437707033658872,0.97970386134809839,0.985,0.98669074638494758,1.015,0.98745330169793044,1.005,0.9850000000000001,0.98,0.99,0.98543316662737568,0.98983047784601785,0.98033187303886815,0.99228265244374314,1.0111661689778471,1.0235086002475626,1.01,1.017,0.99141961323205186,0.98913081539972325,1.01,0.97099999999999986,0.965,0.96114631753386937,0.952,0.96621175359904932,0.96702552749530279,0.973,0.98,0.975,0.993,0.96009307093937668,0.96002286378010537,1.005,0.97382444680921509,0.94943753205242076],